{"success":false,"message":"","data":{"definition":["def1","def2","def3","def4","def5"],"r_associated":[]},"r_associated":["agriculture","animaux domestiques","agronomie","carnivore domestique","synapsides","animaux de compagnie","esp\u00e8ce invasive","taxonomie","agriculture et agronomie","syst\u00e9matique",":r31813592","chaton nouveau-n\u00e9","Felis silvestris",":r30828452","_SW","apprivois\u00e9",":r71882978","moumoute\u003E150","enro\u00fbment",":r3153098",":r3153077","causette","internaute","contacter","mimi"]}