{"success":false,"message":"","data":{"r_pos":["Number:Sing","Gender:Mas","Adj:Mas+SG","Adj:","Nom:","Nom:Mas+SG"],"lemme":["chat"],"info_semantique":["_INFO-WIKI-YES","_INFO-SEM-THING-ARTEFACT","_INFO-CNRTL-YES","_INFO-SEM-PLACE-ANATOMICAL","_INFO-POLYMORPHIC","_POLIT_7NOPOL","_POLIT_3PS","_POL-NEUTRE_PC","_POL-POS_PC","_POL-NEG_PC","_SEX_YES","_SEX_NO","_POL-NEUTRE","_POL-NEG","_POL-POS","_INFO-POLYSEMIC","_INFO-SEM-THING-NATURAL","_INFO-SEM-LIVING-BEING","_INFO-VOC-COMMON","_INFO-SEM-PLACE","_INFO-SEM-THING-CONCRETE","_INFO-NO-MORE-QUESTION"],"femenin_equivalent":["chatte","chatte\u003E150"],"variantes":["tchat"],"definitions":["def1","def2","def3","def4","def5"],"rafinement_semantique":["chat\u003E143712","chat\u003E109899","chat\u003E149496","chat\u003E215126","chat\u003E52713","chat\u003E93068","chat\u003E258955","chat\u003E116032","chat\u003E27266","chat\u003E53314"],"gloses":["palatine","marine","artillerie","machine de si\u00e8ge","sexe de la femme","poisson-chat","enrouement","animal","f\u00e9lin","discussion","jeu","chat perch\u00e9"],"inhib":["gorge\u003E61706","gorge\u003E29285","cord\u00e9\u003E3674","fourri\u00e8re\u003E123745","f\u00e9lin\u003E80897","chaton\u003E3674","organisme\u003E86627","organisme\u003E118203","organisme\u003E332175","\u00eatre\u003E94160","\u00eatre\u003E136317","\u00eatre\u003E37229","\u00eatre\u003E85728","\u00eatre vivant\u003E2442","puce\u003E87291","puce\u003E213452","puce\u003E126420","puce\u003E213680","puce\u003E14189","puce\u003E33216","chaton\u003E213452","matou\u003E91594","chaton\u003E93251","chaton\u003E17685","Hercule\u003E16644","Hercule\u003E32303","Hercule\u003E118538","greffier\u003E68467","greffier\u003E36686","omnivore\u003E178691","croquette\u003E16033","minet\u003E49420","minet\u003E213452","siamois\u003E220040","siamois\u003E63758","angora\u003E94609","angora\u003E117095","persan\u003E52119","persan\u003E139062","persan\u003E81046","cancan\u003E31176","cancan\u003E145605","coussinet\u003E35729","coussinet\u003E67368","coussinet\u003E98040","coussinet\u003E25800","sphynx\u003E145670","chartreux\u003E111410","ronronner\u003E104193","ronronner\u003E14370","ronronner\u003E5435","ronronner\u003E4658","chatte\u003E19356","chatte\u003E107150"],"association_idees":[],"tataki":[],"wikipedia":["Synonymes","Synonyme","Humour","humoristique","lemmes","LOL","\u00c9tats-Unis","Usenet","Wired","Time Magazine","Coco","\u00e9l\u00e9phant de mer","Time","CA","Canada","\u00c9caille","barbillons","\u00e9cailles","Reproduction","reproduction","alevins","Seine","omnivore","Dordogne","Loire-Atlantique","taxon","Japon","Catalogue of Life","Fauna Europaea","Animal Diversity Web","National Center for Biotechnology Information","NCBI","UICN","poissons-chats","Union internationale pour la conservation de la nature","Famille","famille","anglicisme","GNOME","Pidgin","Dialogue","Internet","ordinateurs","Ordinateur","Grand dictionnaire terminologique","MySQL","Adium","Facebook","Google","Apple","IRC","AIM","AOL","IBM","Java","Mac OS X","Sun Microsystems","PHP","Microsoft","Skype","WhatsApp","navigateur web","Internet Engineering Task Force","web","Jingle","IETF","entreprise","Entreprise","Web","ICQ","Simple Mail Transfer Protocol","HTTPS","POP","SMTP","mai","Jenkins","HyperText Transfer Protocol Secure","HTTP","Microsoft Windows","Windows","webcam","UNIX","Massachusetts Institute of Technology","MIT","Minitel","minitel","terminologique","avril","Petit Larousse","mot-valise","octobre","franglais","anglais","Anglais","serveur","logiciel client","page Web","sigle","espagnol","Castillan","Europe","Afrique du Nord","pie","Pie","minuit","Minuit","Jeu","Peste","peste","Ours","ours","France","motte","Belgique"],"concurrences":[],"themes_domaines":["animaux domestiques","agronomie","agriculture","animal domestique","synapsides","f\u00e9lins","animaux de compagnie","esp\u00e8ce invasive","carnivore domestique","agriculture et agronomie","syst\u00e9matique","taxonomie","carnivores","m\u00e9decine v\u00e9t\u00e9rinaire","loisirs","vert\u00e9br\u00e9s","jeux","physiologie","histoire","mammif\u00e8res","biologie","animaux","poissons","anatomie","\u00e9levage","v\u00e9t\u00e9rinaire","ichthyologie","biologie\u003E246796","Min\u00e9ralogie","Ichthyologie","carnivore","jeu","m\u00e9canique","mammif\u00e8re","min\u00e9ralogie","ichtyologie","poisson","marine","botanique","cuisine","litt\u00e9rature","cin\u00e9ma","Elevage","Histoire","Anatomie","Biologie","animal","zoologie","Physiologie","Zoologie","V\u00e9t\u00e9rinaire"],"synonimes":["apprivois\u00e9","caresser","M\u00e8re Michel","patte de velours","minette","chattemite","mettre bas","manger","tigr\u00e9","matou","passer","chameau","fil","trou","aiguille","animal de compagnie","ind\u00e9pendant","griffes","pelote de laine","minou","pelotte de laine","dormir","goutti\u00e8re","croquette","canap\u00e9","croquettes","Felix","lait","autre","moustaches","fourbe","poilu","poil","miaulement","virtuelle","discussion","griffe","vibrisse","chaton","mignon","pelote","ennemi","animale","animal domestique","pattes","mammif\u00e8re","miauler","queue","noir","maison","souris","chien","devinette","langue","coussinet","f\u00e9lin","patte","domestique","poils","affectueux","moustache","miaou","ronronner","animal","moumoute\u003E150","poisson-chat","enro\u00fbment","causette","lynx","minon","serval","mimi","Grippeminaud","poisson-chat commun","greffier Barbicho","tchat","MSN","messagerie instantan\u00e9e","grappin","grippeminaud","enrouement","f\u00e9lin","miaou","moumoute","haret","margay","patte-pelu","personne","ocelot","once","raminagrobis","biquet","minet\u003E150","chat domestique","minou\u003E150","greffier\u003E150","greffier","matou\u003E150","mistigri\u003E150","minet","dialogue","mistigri","chaton","minou","matou"],"generiques":[],"generiques_incompatibles":[],"specifiques":["chat sauvage europ\u00e9en","chat sauvage de la Nouvelle Espagne","chat nu","chat-cervier","::\u003E66:150\u003E17:105889","gros chat","chat sans queue","chat en rut","chat \u00e0 pattes noires","chat haret","chat-tigre","tonkinois\u003E150","Gros Minet","chat errant","minette\u003E11191","::\u003E66:150\u003E15:145569","manx","chat-pard","manul","::\u003E66:150\u003E15:52255","chaton\u003E150","petit chat","chartreux\u003E150","chat du Cheshire","::\u003E66:150\u003E0:246748","::\u003E66:150\u003E17:125088","chat tigre","chat bott\u00e9","chat fourr\u00e9","chat sauvage d\\\u0027Europe","chat serval","chat marsupial","chat perch\u00e9","chatte\u003E150","greffier\u003E150","greffier","sphynx\u003E150","chat de Pallas","matou\u003E150","persan\u003E150","angora\u003E150","siamois\u003E150","minet","abyssin","chat siamois","chartreux","birman","angorra","persan","f\u00e9lin","gris","souris","matou","chien","chat tigr\u00e9","chat angora","chat noir","chat persan","domestique","chatte","chat sauvage","chat domestique","goutti\u00e8re","angora","siamois","chaton","tigr\u00e9","chat de goutti\u00e8re","minou","sauvage"],"instances":["Raoul Chatigr\u00e9","Azra\u00ebl","chat de Chester","F\u00e9lix le Chat","F\u00e9lix le chat","Kitty","gros minet","Hercule","Gros Minet","Hercule\u003E50100","Garfield","Hello Kitty"],"parties":["Histoire","foie\u003E112609","t\u00eate\u003E390963\u003E17559","os p\u00e9nien","oeil\u003E44335","roubignoles","adn","acide d\u00e9soxyribonucl\u00e9ique","syst\u00e8me nerveux central","vert\u00e8bres","estomac\u003E112609","t\u00eate\u003E112609","maxillaire","parole","syst\u00e8me nerveux en position dorsale","tube digestif","griffe de chat","chaton","gencives","truffe","coussinets","narine","cellule","ARN","pupille\u003E77424","mamelles","robe\u003E138092","garrot","pattes\u003E248747","garot","rein","r\u00e9tine","vert\u00e8bre","syst\u00e8me nerveux","corps\u003E112609","sang chaud","cellule\u003E35143","cr\u00e2ne","sexe\u003E218086","cerveau","ADN","pupille","sexe","langue\u003E213791","foie","nerf","abdomen","sang\u003E86501","croc\u003E60902","patte\u003E141795","cr\u00e2ne\u003E144846","t\u00eate\u003E390963","m\u00e2choire\u003E112609","dos\u003E112609","visc\u00e8res","cuisse","art\u00e8re","iris","sang","poumons","tendon","c\u00f4te","m\u00e2choire","reins","mamelle","flair","coeur","os\u003E116980","patte ant\u00e9rieure","patte post\u00e9rieure","articulation","poumon","crocs","muscle","coussinet\u003E8990","coeur\u003E213791","gueule\u003E215755","squelette\u003E112609","ventre","oreille\u003E44335","dent\u003E45311","ventre\u003E112609","oeil\u003E330323","estomac","os","canine","intestin","moustache\u003E117095","canines","squelette","thorax","boyaux","cou","colonne vert\u00e9brale","fourrure\u003E109785","oreille\u003E117095","fourrure","croc","griffe\u003E141705","dos","taches","tache","robe","naseau","vibrisse\u003E117789","queue\u003E214624","organes","museau","gueule","vibrisse","moustaches","oreilles","dents","pelage","corps","bouche","peau","nez","dent","t\u00eate","coussinet","oeil","griffe","moustache","griffes","poils","yeux","pattes","langue","poil","oreille","patte","queue"],"fait_partie_de":["F\u00e9lid\u00e9s","animaux","r\u00e8gne animal","animalerie","faune","meute","maison","f\u00e9lid\u00e9s","f\u00e9lins"],"plus_intence":["lion","chat siamois","tigre","chat sauvage"],"plus_gros":["jaguar\u003E17559","oie","chien","chien\u003E17559","tigre","gros chat"],"moins_gros":["chaton","pigeon","chaton\u003E150","souris","pigeon\u003E140176","rat","souriceau","souris\u003E71115","rat\u003E71115","minou","insecte","petit chat","poule\u003E140176"],"term_etymologiquement":[],"locution_term_composes":["Le petit chat est mort","logiciel de chat","chat noir\u003E150","chat noir\u003E37799","Moqueur chat","chat noir\u003E115926","nourrir le chat","chat oriental","chat d\\\u0027argent","chat de Chine","chat des chartreux","chat chrysanth\u00e8me","chat chinchilla","chat-brun","quand le chat dort, les souris dansent","quand le chat n\\\u0027est pas l\u00e0, les souris dansent","chat sauvage de la Nouvelle-Espagne","happe-chat","le chat parti, les souris dansent","chat espagnol","pied-de-chat","chat nageur","chat bite","retomber comme un chat sur ses pattes","chat des \u00e9gouts","chat de Malte","chat-rochier","chat dor\u00e9 africain","chat l\u00e9opard","chat-ours","chat-chasteil","chat rochier","chat des rochers","chat des for\u00eats norv\u00e9gien","\u00e9trangle-chat","chat-br\u00fbl\u00e9","chat-huan\u00e9","chat bleu","chat des bois norv\u00e9gien","thym de chat","chat des rues","chat du lac de Van","chat forestier europ\u00e9en","chat l\u00e9opard du Bengale","chat loutre","chat astrakan","chat du Bengale","chat sauvage europ\u00e9en","chat de Bombay","curieux comme un chat","chat des for\u00eats norv\u00e9giennes","requin-chat","il ne faut pas r\u00e9veiller le chat qui dort","chat-bite","chat de fiction","chat-l\u00e9opard","oeils-de-chat","langues de chat","syndrome du cri du chat","anatomie du chat","syndrome de l\\\u0027oeil de chat","chat d\\\u0027oeuvre","d\u00e9p\u00f4ts corn\u00e9ens en moustaches de chat","puce du chat","morsure chat","syndrome de l\\\u0027\u009cil de chat amaurotique","\u009cil de chat amaurotique","syndrome de l\\\u0027\u009cil de chat","maladie des griffes de chat","syndrome de l\\\u0027oeil de chat amaurotique","oeil de chat amaurotique","chat-l\u00e9opard de Chine","chat de Sib\u00e9rie","du chien ou du chat","acheter le chat pour le li\u00e8vre","chat bai","chat dor\u00e9 de Born\u00e9o","chat-tigre d\\\u0027Afrique","chat viverrin","La V\u00e9ritable Histoire du chat bott\u00e9","chat foreign","chat \u00e0 pieds noirs","\u00e0 bon chat, bon rat","Chacun cherche son chat","allergique au poil de chat","barbe de chat","chat dor\u00e9","chat \u00e0 pattes noires","chat \u00e9pineux","chat souricier","chat nouveau-n\u00e9","chat irbis","chat persan roux","chat de ruelle","chat pard","chat chasteil","mouvement de chat","nourriture pour chat","nez de chat","pas de chat","pisse de chat","propre comme une \u00e9cuelle de chat","saut de chat","trou du chat","syndrome des yeux de chat","oiseau-chat","oeil-de-chat","poisson-chat","queue-de-chat","nez-de-chat","chat-pard","chat-tigre","t\u00eate-de-chat","chat-parde","chat-cervier","queue-du-chat","chat-fourr\u00e9","chat-ch\u00e2teau","chat-garou","truelle langue de chat","b\u00e9b\u00e9 chat","paradoxe du chat beurr\u00e9","chat-huant","Le Chat bott\u00e9","poisson-chat commun","requin-chat arlequin","chat sylvestre","chat forestier","grattoir \u00e0 chat","chat des pampas","boyau de chat","chat de maison","chat des marais","chat de jungle","insuffisance r\u00e9nale chronique du chat","chat sauvage de la Nouvelle Espagne","chat de Chester","\u00e9crire comme un chat","chat musqu\u00e9","chat blanc","chat en rut","chat nu","chat sans poils","race de chat","chat sans queue","chat anoure","un chat \u00e0 ne pas prendre sans gant","le petit chat est mort","petit chat","chat errant","poils de chat","chat du Cheshire","Chat noir, chat blanc","gros chat","argent de chat","Le chat bott\u00e9","femelle du chat","plat \u00e0 chat","Sylvestre le chat","chat haret","chat de Schr\u00f6dinger","pat\u00e9e pour chat","Patapon le chat","le chat","queue de chat","vendre chat en poche","Le Ma\u00eetre chat ou le Chat bott\u00e9","s\\\u0027accorder comme chien et chat","quand le chat n\\\u0027est pas l\u00e0 les souris dansent","il n\\\u0027y a pas de quoi fouetter un chat","pipi de chat","pas un chat","or de chat","ne r\u00e9veillez pas le chat qui dort","moqueur chat","jouer au chat et \u00e0 la souris","\u00e9veiller le chat qui dort","avoir un chat dans la gorge","acheter chat en poche","appeler un chat un chat","il n\\\u0027y a pas un chat","demi-queue du chat","maladie du cri du chat","arbre \u00e0 chat","maladie des griffes du chat","yeux de chat","poisson chat","herbe \u00e0 chat","le chat et la souris","griffe de chat","L\\\u0027Enfant chat","oeil de chat","La Vierge au chat","Dame au chat","cri du chat","maladie des griffures de chat","gazon de chat","Je suis un chat","emporter le chat","F\u00e9lix le chat","comme chien et chat","la nuit, tous les chats sont gris","la nuit tous les chats sont gris","faire une toilette de chat","\u00eatre comme chien et chat","langue-de-chat","donner sa langue au chat","toilette de chat","chat sauvage d\\\u0027Europe","chat serval","chat tigre","chat tigr\u00e9","chat \u00e9chaud\u00e9 craint l\\\u0027eau froide","chat en poche","chat fourr\u00e9","chat marin","chat marsupial","chat noir","chat perch\u00e9","chat persan","chat sauvage","chat de Pallas","chat angora","chat domestique","chat de mer","\u00e0 bon chat bon rat","chat \u00e0 neuf queues","langue de chat","chat bott\u00e9","langue au chat","chat de goutti\u00e8re","chat siamois"],"caracteristiques":["h\u00e9t\u00e9rotrophe","tatou\u00e9","Gentil","non vivant","st\u00e9rilis\u00e9","dangereux","en boule","en boule\u003E40116","crev\u00e9\u003E122864","docile","grand","malade","bless\u00e9","bilat\u00e9ralement sym\u00e9trique","roux\u003E40056","pel\u00e9","rac\u00e9","gras","efflanqu\u00e9","maigre","castr\u00e9","coup\u00e9","sauvage\u003E76227","mobile","siamois\u003E150","affam\u00e9","gracieux\u003E108166","fort","moche","blanc\u003E40056","puissant","miaulant","pouilleux","souple","f\u00e9roce","rachitique","sauvage\u003E129068","coup\u00e9\u003E109931","noir\u003E40056","domestique","mort","endotherme","comestible","gracieux","beau","gentil","poilu","craquant\u003E59046","poilu\u003E135591","de goutti\u00e8re","ronronnant","gris","petit","angora","mignon\u003E93245","ray\u00e9","peureux","jeune","doux","angora\u003E150","m\u00e9chant","adorable","affectueux","velu","bott\u00e9","abandonn\u00e9","craintif","attachant","moustachu","carnivore","propre","siamois","agressif","vivant","galeux","nyctalope","roux","gros","persan\u003E150","persan","mignon","agile","tigr\u00e9","joueur","blanc","f\u00e9lin","c\u00e2lin","noir","sauvage","ind\u00e9pendant"],"ayant_caracteristique":[],"couleurs_pour":["sans couleur","ray\u00e9","blanc et noir","noir et blanc","tachet\u00e9","orange","marron\u003E40056","marron","beige","tigr\u00e9","roux\u003E40056","gris\u003E40056","gris","roux","blanc","blanc\u003E40056","noir\u003E40056","noir"],"lieux_trouver":["voiture\u003E95706","savane","cuisine\u003E96851","panier\u003E108150","refuge","rue","rue\u003E215052","ruelle","terrain vague","couloir","table\u003E36899","cachette","bois","SPA","fauteuil","canap\u00e9\u003E40184","maison\u003E65524","cirque","univers","Afrique","parc","villes","pr\u00e9","toit","voiture","champ","campagne","for\u00eat","ferme","village","ville","bateau","panier","partout","chambre","gorge\u003E112609","arbre","arbre\u003E136507","coussin","canap\u00e9","lit","jardin","maison","cuisine","OKLM","\u00e9motic\u00f4ne","chaussette","p\u00e9nis","moustache","oeil\u003E16033","\u00e9moticone","collier\u003E17559","puce","chatteur","puces",":D","fourrure","patte post\u00e9rieure","oreilles","chaton","pupille","bouche","cr\u00e2ne","vaisseau sanguin","drisse","estomac","pattes","parole","ventre","griffes","langue","moustaches","oreille","t\u00eate","dos","souris","patte","poil","griffe","queue","yeux"],"lieux_faire":[],"que_peut_faire":["nourrir","euthanasier","::\u003E14:150\u003E29:50739","consommer","::\u003E13:22602\u003E29:4144","adopter","flatter","effrayer","piquer","::\u003E13:81713\u003E29:21149\u003E14","brosser","::\u003E13:4455\u003E29:104242\u003E14","::\u003E13:116477\u003E29:16167\u003E14","noyer","::\u003E13:61490\u003E29:118296\u003E14","poss\u00e9der","::\u003E13:116477\u003E29:2760\u003E14","violenter","rouer","balader","::\u003E13:66517\u003E29:45225\u003E14","\u00e9veiller","::\u003E16:34898\u003E29:21154\u003E14","::\u003E13:74860\u003E29:16167\u003E14","abandonner","::\u003E13:102812\u003E29:47466\u003E14","::\u003E13:124094\u003E29:18834\u003E14","agacer","embrasser","prendre dans ses bras","::\u003E13:81713\u003E29:21149","::\u003E13:116477\u003E29:16167","::\u003E13:4455\u003E29:104242","::\u003E13:102812\u003E29:47466","::\u003E14:150\u003E29:12620","::\u003E13:61490\u003E29:118296","::\u003E13:124094\u003E29:18834","::\u003E13:116477\u003E29:2760","::\u003E13:66517\u003E29:45225","::\u003E13:74860\u003E29:16167","::\u003E14:150\u003E29:78823","::\u003E16:34898\u003E29:21154","::\u003E14:150\u003E29:34284","voir","::\u003E13:22602\u003E29:4144\u003E14","caresser","chasser"],"que_peut_on_faire":["converser","rousp\u00e9ter","troller","donner des nouvelles","d\u00e9battre","bavarder","draguer\u003E108071","draguer","\u00e9changer","procr\u00e9er","discuter","ronronner","nourrir","caresser"],"de_quoi_nourrir":["thon\u003E68467\u003E113902","croquette","poisson\u003E17559","pat\u00e9e","croquette\u003E224363","thon\u003E68467","thon en bo\u00eete","souris\u003E71115","l\u00e9zard\u003E99719","bo\u00eete de thon","poulet","thon au naturel","thon \u00e0 l\\\u0027huile","p\u00e2t\u00e9","p\u00e2t\u00e9e","oiseau","croquettes","souris","petit oiseau","thon","oiseau\u003E17559","nourriture pour animaux","poisson","rossignol","pat\u00e9e pour chat","viande","l\u00e9zard"],"causes_associes":["s\u00e9lection naturelle","f\u00e9lid\u00e9","f\u00e9liforme","f\u00e9lo\u00efd\u00e9","f\u00e9lin\u003E17559","reproduction","informatique","na\u00eetre","matou","d\u00e9sir","ennui","naissance","chatte","\u00e9volution","accouplement"],"consequences_associes":["ron-ron","animal de compagnie","\u00e9change","puces","beaut\u00e9","confort","pelage","attraper","allergie","discuter","blabla","contact","chaton","poils","ronronner","dormir","griffe","griffer","ronron"],"sentiments_emotions":["surprise","amiti\u00e9","bonheur","envie","d\u00e9sir","plaisir","joie","satisfaction","indiff\u00e9rence","tendresse","amour","amusement","douceur"],"roles":["\u00e9changer\u003E12141","contacter","parler","bavarder","\u00eatre en contact","dialoguer","tenir compagnie","accompagner","attraper","chatter","draguer\u003E108071","s\\\u0027amuser","chasser","tenir chaud","\u00e9changer","ronronner","papoter","communiquer","draguer","discuter"],"avant_temporel":["chaton\u003E150","chaton"],"comme_sujet":["::\u003E13:150\u003E29:130164\u003E14","::\u003E13:150\u003E29:130164","::\u003E13:150\u003E29:21149","::\u003E13:150\u003E29:21149\u003E14","::\u003E13:150\u003E29:21149\u003E16"],"comme_objet":["::\u003E14:150\u003E29:78823\u003E15","::\u003E14:150\u003E29:78823","::\u003E14:150\u003E29:12620","::\u003E14:150\u003E29:34284\u003E16","::\u003E14:150\u003E29:34284","::\u003E14:150\u003E29:12620\u003E13","::\u003E14:116477\u003E29:87221\u003E16","::\u003E14:116477\u003E29:87221"],"comme_tete_syntaxique":["::\u003E66:150\u003E15:52255","::\u003E66:150\u003E0:246748","::\u003E66:150\u003E17:125088","::\u003E66:150\u003E17:105889","::\u003E66:150\u003E15:145569"]}}